,timestamp,item,quantity
0,2021-03-01 09:00:00,oranges,29
1,2021-03-01 09:00:00,laundry detergent,6
2,2021-03-01 09:00:00,shampoo,4
3,2021-03-01 10:00:00,beef,8
4,2021-03-01 10:00:00,coffee,3
5,2021-03-01 10:00:00,cupcakes,11
6,2021-03-01 10:00:00,oranges,23
7,2021-03-01 10:00:00,shaving cream,21
8,2021-03-01 11:00:00,tea,10
9,2021-03-01 11:00:00,chicken,30
10,2021-03-01 11:00:00,hand soap,17
11,2021-03-01 12:00:00,paper towels,20
12,2021-03-01 12:00:00,chicken,15
13,2021-03-01 12:00:00,chicken,21
14,2021-03-01 12:00:00,buns,11
15,2021-03-01 12:00:00,shampoo,8
16,2021-03-01 12:00:00,shampoo,4
17,2021-03-01 12:00:00,laundry detergent,5
18,2021-03-01 13:00:00,tea,5
19,2021-03-01 13:00:00,tea,16
20,2021-03-01 13:00:00,cookies,25
21,2021-03-01 14:00:00,tilapia,2
22,2021-03-01 14:00:00,apples,26
23,2021-03-01 14:00:00,beef,1
24,2021-03-01 14:00:00,cookies,12
25,2021-03-01 14:00:00,bananas,23
26,2021-03-01 14:00:00,oranges,21
27,2021-03-01 14:00:00,buns,20
28,2021-03-01 14:00:00,tilapia,30
29,2021-03-01 14:00:00,shaving cream,14
30,2021-03-01 14:00:00,loaves,8
31,2021-03-01 14:00:00,soda,11
32,2021-03-01 15:00:00,tea,17
33,2021-03-01 15:00:00,dish soap,2
34,2021-03-01 15:00:00,hand soap,12
35,2021-03-01 15:00:00,all purpose,3
36,2021-03-01 15:00:00,laundry detergent,4
37,2021-03-01 15:00:00,oranges,24
38,2021-03-01 16:00:00,ketchup,11
39,2021-03-01 17:00:00,tea,6
40,2021-03-01 18:00:00,shaving cream,3
41,2021-03-01 18:00:00,hand soap,27
42,2021-03-01 18:00:00,loaves,28
43,2021-03-01 18:00:00,buns,26
44,2021-03-01 18:00:00,buns,18
45,2021-03-01 18:00:00,beans,8
46,2021-03-01 18:00:00,paper towels,7
47,2021-03-01 18:00:00,soda,7
48,2021-03-01 18:00:00,laundry detergent,4
49,2021-03-01 18:00:00,paper towels,28
50,2021-03-01 19:00:00,chicken,30
51,2021-03-01 19:00:00,tilapia,30
52,2021-03-01 19:00:00,beef,13
53,2021-03-01 19:00:00,hand soap,19
54,2021-03-01 19:00:00,shaving cream,8
55,2021-03-01 19:00:00,paper towels,4
56,2021-03-01 19:00:00,cupcakes,6
57,2021-03-01 20:00:00,dish soap,2
58,2021-03-01 20:00:00,beans,9
59,2021-03-01 20:00:00,coffee,10
60,2021-03-01 21:00:00,loaves,3
61,2021-03-01 21:00:00,paper towels,5
62,2021-03-01 21:00:00,cupcakes,10
63,2021-03-01 23:00:00,laundry detergent,6
64,2021-03-01 23:00:00,shaving cream,27
65,2021-03-02 08:00:00,coffee,1
66,2021-03-02 09:00:00,tea,26
67,2021-03-02 09:00:00,all purpose,1
68,2021-03-02 09:00:00,ketchup,25
69,2021-03-02 10:00:00,toilet paper,28
70,2021-03-02 10:00:00,bananas,11
71,2021-03-02 10:00:00,coffee,7
72,2021-03-02 10:00:00,shampoo,4
73,2021-03-02 10:00:00,tilapia,13
74,2021-03-02 11:00:00,shaving cream,23
75,2021-03-02 11:00:00,hand soap,16
76,2021-03-02 11:00:00,coffee,6
77,2021-03-02 11:00:00,coffee,5
78,2021-03-02 12:00:00,coffee,5
79,2021-03-02 12:00:00,bananas,7
80,2021-03-02 13:00:00,chicken,21
81,2021-03-02 14:00:00,cookies,29
82,2021-03-02 14:00:00,soda,30
83,2021-03-02 14:00:00,shampoo,8
84,2021-03-02 15:00:00,beef,12
85,2021-03-02 15:00:00,shaving cream,20
86,2021-03-02 15:00:00,all purpose,1
87,2021-03-02 15:00:00,paper towels,15
88,2021-03-02 15:00:00,buns,23
89,2021-03-02 15:00:00,toilet paper,16
90,2021-03-02 16:00:00,bananas,9
91,2021-03-02 16:00:00,loaves,23
92,2021-03-02 16:00:00,tilapia,15
93,2021-03-02 17:00:00,hand soap,18
94,2021-03-02 17:00:00,chicken,14
95,2021-03-02 17:00:00,apples,22
96,2021-03-02 17:00:00,ketchup,9
97,2021-03-02 18:00:00,bananas,18
98,2021-03-02 18:00:00,tilapia,6
99,2021-03-02 18:00:00,paper towels,9
100,2021-03-02 18:00:00,tea,24
101,2021-03-02 18:00:00,hand soap,27
102,2021-03-02 18:00:00,oranges,4
103,2021-03-02 18:00:00,tilapia,12
104,2021-03-02 19:00:00,loaves,26
105,2021-03-02 19:00:00,hand soap,5
106,2021-03-02 19:00:00,cupcakes,12
107,2021-03-02 19:00:00,pork,8
108,2021-03-02 19:00:00,tea,27
109,2021-03-02 19:00:00,hand soap,25
110,2021-03-02 19:00:00,paper towels,3
111,2021-03-02 20:00:00,loaves,21
112,2021-03-02 20:00:00,beans,5
113,2021-03-02 20:00:00,soda,22
114,2021-03-02 21:00:00,paper towels,26
115,2021-03-02 22:00:00,oranges,7
116,2021-03-02 22:00:00,paper towels,14
117,2021-03-02 23:00:00,bananas,2
118,2021-03-03 08:00:00,apples,15
119,2021-03-03 10:00:00,beans,14
120,2021-03-03 10:00:00,tea,1
121,2021-03-03 10:00:00,loaves,6
122,2021-03-03 11:00:00,apples,22
123,2021-03-03 11:00:00,bananas,18
124,2021-03-03 11:00:00,hand soap,9
125,2021-03-03 11:00:00,buns,24
126,2021-03-03 11:00:00,pork,11
127,2021-03-03 11:00:00,pork,22
128,2021-03-03 11:00:00,ketchup,26
129,2021-03-03 11:00:00,bananas,18
130,2021-03-03 11:00:00,chicken,26
131,2021-03-03 12:00:00,beans,5
132,2021-03-03 12:00:00,dish soap,1
133,2021-03-03 13:00:00,oranges,7
134,2021-03-03 13:00:00,chicken,7
135,2021-03-03 13:00:00,dish soap,2
136,2021-03-03 13:00:00,chicken,18
137,2021-03-03 13:00:00,shampoo,9
138,2021-03-03 13:00:00,laundry detergent,4
139,2021-03-03 13:00:00,loaves,29
140,2021-03-03 14:00:00,buns,19
141,2021-03-03 14:00:00,ketchup,12
142,2021-03-03 15:00:00,ketchup,16
143,2021-03-03 15:00:00,all purpose,3
144,2021-03-03 15:00:00,loaves,17
145,2021-03-03 15:00:00,beans,12
146,2021-03-03 16:00:00,tea,13
147,2021-03-03 16:00:00,cupcakes,3
148,2021-03-03 16:00:00,laundry detergent,6
149,2021-03-03 17:00:00,soda,22
150,2021-03-03 17:00:00,loaves,8
151,2021-03-03 17:00:00,cupcakes,20
152,2021-03-03 17:00:00,chicken,21
153,2021-03-03 17:00:00,hand soap,9
154,2021-03-03 17:00:00,laundry detergent,4
155,2021-03-03 17:00:00,apples,3
156,2021-03-03 18:00:00,paper towels,3
157,2021-03-03 18:00:00,toilet paper,27
158,2021-03-03 18:00:00,laundry detergent,1
159,2021-03-03 18:00:00,bananas,18
160,2021-03-03 18:00:00,cookies,3
161,2021-03-03 18:00:00,soda,20
162,2021-03-03 18:00:00,shampoo,2
163,2021-03-03 18:00:00,shaving cream,2
164,2021-03-03 18:00:00,coffee,13
165,2021-03-03 18:00:00,toilet paper,2
166,2021-03-03 19:00:00,hand soap,28
167,2021-03-03 19:00:00,ketchup,12
168,2021-03-03 19:00:00,laundry detergent,4
169,2021-03-03 19:00:00,all purpose,1
170,2021-03-03 19:00:00,pork,11
171,2021-03-03 19:00:00,shaving cream,9
172,2021-03-03 19:00:00,ketchup,13
173,2021-03-03 19:00:00,paper towels,3
174,2021-03-03 19:00:00,buns,6
175,2021-03-03 19:00:00,chicken,12
176,2021-03-03 20:00:00,toilet paper,26
177,2021-03-03 20:00:00,apples,28
178,2021-03-03 20:00:00,shampoo,4
179,2021-03-03 20:00:00,tilapia,5
180,2021-03-03 20:00:00,bananas,2
181,2021-03-03 21:00:00,shaving cream,11
182,2021-03-03 21:00:00,toilet paper,30
183,2021-03-03 21:00:00,paper towels,21
184,2021-03-03 22:00:00,bananas,27
185,2021-03-03 23:00:00,all purpose,3
186,2021-03-04 08:00:00,cupcakes,9
187,2021-03-04 09:00:00,beef,10
188,2021-03-04 09:00:00,loaves,17
189,2021-03-04 10:00:00,bananas,24
190,2021-03-04 10:00:00,soda,20
191,2021-03-04 11:00:00,loaves,11
192,2021-03-04 11:00:00,chicken,26
193,2021-03-04 11:00:00,bananas,15
194,2021-03-04 11:00:00,loaves,19
195,2021-03-04 11:00:00,cookies,10
196,2021-03-04 11:00:00,shaving cream,15
197,2021-03-04 11:00:00,cookies,23
198,2021-03-04 11:00:00,paper towels,13
199,2021-03-04 12:00:00,shampoo,8
200,2021-03-04 12:00:00,apples,1
201,2021-03-04 12:00:00,pork,18
202,2021-03-04 12:00:00,hand soap,23
203,2021-03-04 12:00:00,buns,23
204,2021-03-04 14:00:00,beef,25
205,2021-03-04 14:00:00,soda,5
206,2021-03-04 14:00:00,ketchup,21
207,2021-03-04 14:00:00,shaving cream,13
208,2021-03-04 14:00:00,cookies,25
209,2021-03-04 16:00:00,beef,17
210,2021-03-04 17:00:00,tea,20
211,2021-03-04 17:00:00,beef,25
212,2021-03-04 17:00:00,pork,5
213,2021-03-04 17:00:00,paper towels,26
214,2021-03-04 17:00:00,dish soap,1
215,2021-03-04 18:00:00,shaving cream,22
216,2021-03-04 18:00:00,buns,26
217,2021-03-04 18:00:00,loaves,9
218,2021-03-04 18:00:00,ketchup,20
219,2021-03-04 18:00:00,ketchup,29
220,2021-03-04 18:00:00,cookies,22
221,2021-03-04 18:00:00,pork,17
222,2021-03-04 18:00:00,dish soap,2
223,2021-03-04 18:00:00,paper towels,21
224,2021-03-04 18:00:00,buns,3
225,2021-03-04 18:00:00,tilapia,19
226,2021-03-04 18:00:00,loaves,1
227,2021-03-04 18:00:00,laundry detergent,3
228,2021-03-04 19:00:00,tea,13
229,2021-03-04 19:00:00,shampoo,3
230,2021-03-04 19:00:00,ketchup,12
231,2021-03-04 19:00:00,coffee,8
232,2021-03-04 19:00:00,tilapia,28
233,2021-03-04 20:00:00,apples,17
234,2021-03-04 20:00:00,beans,17
235,2021-03-04 20:00:00,toilet paper,3
236,2021-03-04 20:00:00,loaves,22
237,2021-03-04 20:00:00,laundry detergent,6
238,2021-03-04 20:00:00,chicken,5
239,2021-03-04 21:00:00,buns,4
240,2021-03-04 21:00:00,oranges,28
241,2021-03-04 21:00:00,hand soap,29
242,2021-03-04 21:00:00,laundry detergent,3
243,2021-03-04 23:00:00,shaving cream,23
244,2021-03-04 23:00:00,hand soap,28
245,2021-03-04 23:00:00,bananas,1
246,2021-03-05 09:00:00,coffee,7
247,2021-03-05 10:00:00,shaving cream,28
248,2021-03-05 10:00:00,tilapia,27
249,2021-03-05 10:00:00,shampoo,8
250,2021-03-05 11:00:00,all purpose,2
251,2021-03-05 11:00:00,buns,7
252,2021-03-05 11:00:00,shampoo,9
253,2021-03-05 11:00:00,toilet paper,4
254,2021-03-05 11:00:00,tilapia,27
255,2021-03-05 12:00:00,tea,21
256,2021-03-05 12:00:00,tea,17
257,2021-03-05 12:00:00,beans,3
258,2021-03-05 13:00:00,paper towels,28
259,2021-03-05 13:00:00,ketchup,15
260,2021-03-05 13:00:00,cookies,15
261,2021-03-05 13:00:00,tea,11
262,2021-03-05 14:00:00,pork,5
263,2021-03-05 14:00:00,dish soap,1
264,2021-03-05 14:00:00,shaving cream,27
265,2021-03-05 15:00:00,pork,28
266,2021-03-05 15:00:00,tea,9
267,2021-03-05 15:00:00,hand soap,19
268,2021-03-05 15:00:00,chicken,27
269,2021-03-05 15:00:00,soda,25
270,2021-03-05 16:00:00,chicken,25
271,2021-03-05 16:00:00,dish soap,2
272,2021-03-05 16:00:00,shaving cream,5
273,2021-03-05 17:00:00,tilapia,22
274,2021-03-05 17:00:00,buns,25
275,2021-03-05 17:00:00,paper towels,10
276,2021-03-05 17:00:00,coffee,3
277,2021-03-05 18:00:00,apples,30
278,2021-03-05 18:00:00,bananas,7
279,2021-03-05 18:00:00,toilet paper,25
280,2021-03-05 18:00:00,beans,24
281,2021-03-05 18:00:00,beef,2
282,2021-03-05 18:00:00,loaves,24
283,2021-03-05 18:00:00,cupcakes,8
284,2021-03-05 19:00:00,cupcakes,6
285,2021-03-05 19:00:00,beef,22
286,2021-03-05 19:00:00,oranges,18
287,2021-03-05 19:00:00,buns,29
288,2021-03-05 19:00:00,shampoo,8
289,2021-03-05 19:00:00,all purpose,6
290,2021-03-05 20:00:00,pork,4
291,2021-03-05 20:00:00,beef,11
292,2021-03-05 20:00:00,laundry detergent,2
293,2021-03-05 20:00:00,all purpose,5
294,2021-03-05 22:00:00,soda,7
295,2021-03-05 22:00:00,laundry detergent,4
296,2021-03-05 22:00:00,tilapia,16
297,2021-03-06 08:00:00,buns,2
298,2021-03-06 08:00:00,hand soap,11
299,2021-03-06 09:00:00,tea,12
300,2021-03-06 09:00:00,oranges,13
301,2021-03-06 09:00:00,all purpose,6
302,2021-03-06 11:00:00,coffee,13
303,2021-03-06 12:00:00,oranges,28
304,2021-03-06 12:00:00,shaving cream,18
305,2021-03-06 12:00:00,all purpose,6
306,2021-03-06 12:00:00,cookies,4
307,2021-03-06 13:00:00,bananas,6
308,2021-03-06 13:00:00,apples,19
309,2021-03-06 13:00:00,laundry detergent,3
310,2021-03-06 13:00:00,toilet paper,16
311,2021-03-06 13:00:00,laundry detergent,2
312,2021-03-06 13:00:00,paper towels,29
313,2021-03-06 13:00:00,loaves,16
314,2021-03-06 13:00:00,beans,24
315,2021-03-06 14:00:00,coffee,10
316,2021-03-06 14:00:00,apples,15
317,2021-03-06 14:00:00,pork,9
318,2021-03-06 14:00:00,toilet paper,17
319,2021-03-06 14:00:00,beans,3
320,2021-03-06 14:00:00,toilet paper,25
321,2021-03-06 14:00:00,hand soap,6
322,2021-03-06 15:00:00,soda,17
323,2021-03-06 15:00:00,toilet paper,25
324,2021-03-06 15:00:00,loaves,20
325,2021-03-06 15:00:00,bananas,10
326,2021-03-06 16:00:00,beans,10
327,2021-03-06 17:00:00,toilet paper,26
328,2021-03-06 17:00:00,coffee,8
329,2021-03-06 17:00:00,bananas,3
330,2021-03-06 17:00:00,beans,30
331,2021-03-06 18:00:00,all purpose,4
332,2021-03-06 18:00:00,beef,22
333,2021-03-06 18:00:00,all purpose,3
334,2021-03-06 18:00:00,shaving cream,9
335,2021-03-06 18:00:00,shampoo,6
336,2021-03-06 19:00:00,cookies,15
337,2021-03-06 19:00:00,buns,22
338,2021-03-06 19:00:00,shampoo,6
339,2021-03-06 19:00:00,tilapia,15
340,2021-03-06 19:00:00,apples,22
341,2021-03-06 19:00:00,oranges,25
342,2021-03-06 19:00:00,soda,30
343,2021-03-06 19:00:00,cupcakes,14
344,2021-03-06 19:00:00,tea,6
345,2021-03-06 19:00:00,paper towels,5
346,2021-03-06 19:00:00,buns,22
347,2021-03-06 20:00:00,tea,22
348,2021-03-06 20:00:00,ketchup,6
349,2021-03-06 20:00:00,shaving cream,30
350,2021-03-06 20:00:00,toilet paper,30
351,2021-03-06 21:00:00,shampoo,4
352,2021-03-06 21:00:00,toilet paper,20
353,2021-03-06 21:00:00,ketchup,4
354,2021-03-07 08:00:00,cookies,22
355,2021-03-07 09:00:00,laundry detergent,5
356,2021-03-07 09:00:00,coffee,1
357,2021-03-07 09:00:00,buns,16
358,2021-03-07 09:00:00,laundry detergent,6
359,2021-03-07 10:00:00,hand soap,18
360,2021-03-07 10:00:00,buns,26
361,2021-03-07 11:00:00,ketchup,7
362,2021-03-07 11:00:00,laundry detergent,3
363,2021-03-07 11:00:00,dish soap,1
364,2021-03-07 11:00:00,paper towels,8
365,2021-03-07 11:00:00,paper towels,23
366,2021-03-07 12:00:00,bananas,29
367,2021-03-07 12:00:00,chicken,24
368,2021-03-07 12:00:00,dish soap,2
369,2021-03-07 12:00:00,shampoo,3
370,2021-03-07 12:00:00,cupcakes,18
371,2021-03-07 12:00:00,toilet paper,13
372,2021-03-07 12:00:00,cupcakes,20
373,2021-03-07 13:00:00,laundry detergent,3
374,2021-03-07 13:00:00,hand soap,7
375,2021-03-07 13:00:00,cupcakes,17
376,2021-03-07 13:00:00,bananas,30
377,2021-03-07 14:00:00,beans,7
378,2021-03-07 14:00:00,hand soap,30
379,2021-03-07 14:00:00,tea,16
380,2021-03-07 14:00:00,coffee,13
381,2021-03-07 14:00:00,buns,19
382,2021-03-07 15:00:00,chicken,26
383,2021-03-07 15:00:00,beans,19
384,2021-03-07 16:00:00,shaving cream,27
385,2021-03-07 16:00:00,beans,1
386,2021-03-07 17:00:00,hand soap,22
387,2021-03-07 17:00:00,loaves,27
388,2021-03-07 17:00:00,laundry detergent,6
389,2021-03-07 17:00:00,beef,28
390,2021-03-07 17:00:00,coffee,10
391,2021-03-07 17:00:00,chicken,2
392,2021-03-07 18:00:00,pork,4
393,2021-03-07 18:00:00,apples,26
394,2021-03-07 18:00:00,paper towels,6
395,2021-03-07 18:00:00,cupcakes,14
396,2021-03-07 18:00:00,ketchup,10
397,2021-03-07 18:00:00,tilapia,9
398,2021-03-07 18:00:00,buns,26
399,2021-03-07 18:00:00,beef,27
400,2021-03-07 19:00:00,cookies,21
401,2021-03-07 19:00:00,hand soap,17
402,2021-03-07 19:00:00,beans,3
403,2021-03-07 19:00:00,toilet paper,27
404,2021-03-07 19:00:00,tilapia,21
405,2021-03-07 19:00:00,oranges,11
406,2021-03-07 19:00:00,beef,27
407,2021-03-07 19:00:00,laundry detergent,1
408,2021-03-07 19:00:00,toilet paper,27
409,2021-03-07 19:00:00,chicken,23
410,2021-03-07 20:00:00,beef,21
411,2021-03-07 20:00:00,hand soap,16
412,2021-03-07 21:00:00,bananas,28
413,2021-03-07 21:00:00,shaving cream,29
414,2021-03-07 21:00:00,oranges,29
415,2021-03-07 21:00:00,all purpose,1
416,2021-03-08 08:00:00,pork,1
417,2021-03-08 08:00:00,bananas,13
418,2021-03-08 09:00:00,ketchup,15
419,2021-03-08 09:00:00,soda,30
420,2021-03-08 10:00:00,shampoo,2
421,2021-03-08 10:00:00,cookies,2
422,2021-03-08 10:00:00,toilet paper,2
423,2021-03-08 11:00:00,pork,24
424,2021-03-08 11:00:00,beans,13
425,2021-03-08 11:00:00,all purpose,1
426,2021-03-08 11:00:00,laundry detergent,1
427,2021-03-08 11:00:00,ketchup,11
428,2021-03-08 12:00:00,bananas,28
429,2021-03-08 12:00:00,dish soap,1
430,2021-03-08 12:00:00,chicken,1
431,2021-03-08 12:00:00,toilet paper,4
432,2021-03-08 12:00:00,shaving cream,3
433,2021-03-08 12:00:00,buns,2
434,2021-03-08 13:00:00,cupcakes,14
435,2021-03-08 13:00:00,ketchup,16
436,2021-03-08 13:00:00,beef,27
437,2021-03-08 13:00:00,ketchup,4
438,2021-03-08 13:00:00,loaves,30
439,2021-03-08 13:00:00,tilapia,24
440,2021-03-08 13:00:00,all purpose,6
441,2021-03-08 13:00:00,laundry detergent,4
442,2021-03-08 14:00:00,beef,18
443,2021-03-08 14:00:00,laundry detergent,5
444,2021-03-08 14:00:00,ketchup,28
445,2021-03-08 14:00:00,laundry detergent,4
446,2021-03-08 14:00:00,bananas,14
447,2021-03-08 14:00:00,coffee,10
448,2021-03-08 15:00:00,paper towels,23
449,2021-03-08 16:00:00,tilapia,24
450,2021-03-08 16:00:00,toilet paper,5
451,2021-03-08 16:00:00,cookies,10
452,2021-03-08 16:00:00,bananas,25
453,2021-03-08 16:00:00,buns,25
454,2021-03-08 16:00:00,shampoo,9
455,2021-03-08 17:00:00,soda,8
456,2021-03-08 17:00:00,coffee,11
457,2021-03-08 18:00:00,shaving cream,27
458,2021-03-08 18:00:00,tilapia,4
459,2021-03-08 18:00:00,loaves,8
460,2021-03-08 18:00:00,beans,2
461,2021-03-08 18:00:00,chicken,29
462,2021-03-08 19:00:00,dish soap,1
463,2021-03-08 19:00:00,hand soap,21
464,2021-03-08 19:00:00,all purpose,5
465,2021-03-08 19:00:00,paper towels,11
466,2021-03-08 19:00:00,ketchup,15
467,2021-03-08 20:00:00,shampoo,7
468,2021-03-08 20:00:00,toilet paper,3
469,2021-03-08 20:00:00,chicken,9
470,2021-03-08 20:00:00,dish soap,1
471,2021-03-08 20:00:00,dish soap,1
472,2021-03-08 21:00:00,cookies,20
473,2021-03-08 21:00:00,oranges,6
474,2021-03-08 21:00:00,loaves,9
475,2021-03-08 21:00:00,hand soap,14
476,2021-03-08 21:00:00,tea,29
477,2021-03-09 11:00:00,chicken,17
478,2021-03-09 12:00:00,apples,17
479,2021-03-09 12:00:00,beef,3
480,2021-03-09 12:00:00,soda,1
481,2021-03-09 12:00:00,hand soap,17
482,2021-03-09 12:00:00,cookies,6
483,2021-03-09 12:00:00,shampoo,7
484,2021-03-09 12:00:00,cupcakes,7
485,2021-03-09 13:00:00,tilapia,12
486,2021-03-09 13:00:00,oranges,4
487,2021-03-09 13:00:00,beans,2
488,2021-03-09 13:00:00,tilapia,11
489,2021-03-09 13:00:00,dish soap,1
490,2021-03-09 13:00:00,dish soap,2
491,2021-03-09 14:00:00,hand soap,2
492,2021-03-09 14:00:00,beans,12
493,2021-03-09 14:00:00,tea,21
494,2021-03-09 14:00:00,all purpose,2
495,2021-03-09 14:00:00,paper towels,22
496,2021-03-09 14:00:00,soda,5
497,2021-03-09 14:00:00,apples,5
498,2021-03-09 15:00:00,shampoo,7
499,2021-03-09 15:00:00,pork,5
500,2021-03-09 15:00:00,tilapia,27
501,2021-03-09 15:00:00,loaves,16
502,2021-03-09 16:00:00,pork,26
503,2021-03-09 16:00:00,hand soap,6
504,2021-03-09 17:00:00,laundry detergent,6
505,2021-03-09 17:00:00,tilapia,10
506,2021-03-09 17:00:00,oranges,27
507,2021-03-09 17:00:00,coffee,3
508,2021-03-09 17:00:00,pork,21
509,2021-03-09 17:00:00,apples,1
510,2021-03-09 17:00:00,tilapia,27
511,2021-03-09 17:00:00,tea,8
512,2021-03-09 17:00:00,chicken,6
513,2021-03-09 17:00:00,hand soap,25
514,2021-03-09 17:00:00,chicken,9
515,2021-03-09 18:00:00,tilapia,15
516,2021-03-09 18:00:00,tilapia,13
517,2021-03-09 18:00:00,all purpose,2
518,2021-03-09 18:00:00,toilet paper,2
519,2021-03-09 18:00:00,soda,2
520,2021-03-09 18:00:00,oranges,21
521,2021-03-09 18:00:00,laundry detergent,3
522,2021-03-09 18:00:00,shaving cream,9
523,2021-03-09 18:00:00,hand soap,2
524,2021-03-09 19:00:00,bananas,3
525,2021-03-09 19:00:00,bananas,28
526,2021-03-09 19:00:00,chicken,29
527,2021-03-09 19:00:00,ketchup,16
528,2021-03-09 19:00:00,loaves,12
529,2021-03-09 19:00:00,cupcakes,15
530,2021-03-09 19:00:00,ketchup,10
531,2021-03-09 19:00:00,tea,18
532,2021-03-09 19:00:00,ketchup,23
533,2021-03-09 19:00:00,coffee,7
534,2021-03-09 19:00:00,loaves,15
535,2021-03-09 20:00:00,tilapia,4
536,2021-03-09 20:00:00,dish soap,1
537,2021-03-09 20:00:00,coffee,6
538,2021-03-09 20:00:00,chicken,23
539,2021-03-09 20:00:00,all purpose,1
540,2021-03-09 20:00:00,cookies,14
541,2021-03-09 20:00:00,oranges,9
542,2021-03-09 20:00:00,oranges,18
543,2021-03-09 20:00:00,shaving cream,20
544,2021-03-09 20:00:00,apples,2
545,2021-03-09 21:00:00,shaving cream,14
546,2021-03-09 21:00:00,cupcakes,4
547,2021-03-09 21:00:00,shampoo,8
548,2021-03-09 21:00:00,soda,10
549,2021-03-09 21:00:00,shampoo,2
550,2021-03-09 21:00:00,apples,28
551,2021-03-09 21:00:00,toilet paper,29
552,2021-03-09 22:00:00,pork,11
553,2021-03-09 23:00:00,beans,4
554,2021-03-10 08:00:00,shaving cream,20
555,2021-03-10 09:00:00,laundry detergent,1
556,2021-03-10 09:00:00,beef,3
557,2021-03-10 09:00:00,dish soap,2
558,2021-03-10 10:00:00,apples,10
559,2021-03-10 10:00:00,all purpose,3
560,2021-03-10 10:00:00,shampoo,6
561,2021-03-10 11:00:00,ketchup,5
562,2021-03-10 11:00:00,beans,22
563,2021-03-10 11:00:00,all purpose,4
564,2021-03-10 11:00:00,cookies,7
565,2021-03-10 11:00:00,hand soap,16
566,2021-03-10 11:00:00,toilet paper,16
567,2021-03-10 11:00:00,tea,13
568,2021-03-10 11:00:00,coffee,5
569,2021-03-10 11:00:00,apples,28
570,2021-03-10 11:00:00,chicken,7
571,2021-03-10 12:00:00,loaves,15
572,2021-03-10 12:00:00,apples,19
573,2021-03-10 12:00:00,cookies,24
574,2021-03-10 12:00:00,ketchup,3
575,2021-03-10 12:00:00,beans,3
576,2021-03-10 12:00:00,beef,21
577,2021-03-10 13:00:00,shaving cream,10
578,2021-03-10 13:00:00,bananas,8
579,2021-03-10 13:00:00,bananas,18
580,2021-03-10 13:00:00,beef,29
581,2021-03-10 13:00:00,shaving cream,26
582,2021-03-10 13:00:00,beef,1
583,2021-03-10 14:00:00,bananas,2
584,2021-03-10 14:00:00,oranges,9
585,2021-03-10 14:00:00,cupcakes,19
586,2021-03-10 14:00:00,bananas,22
587,2021-03-10 15:00:00,all purpose,6
588,2021-03-10 15:00:00,pork,10
589,2021-03-10 15:00:00,shampoo,2
590,2021-03-10 16:00:00,hand soap,11
591,2021-03-10 16:00:00,ketchup,3
592,2021-03-10 16:00:00,ketchup,5
593,2021-03-10 16:00:00,soda,10
594,2021-03-10 17:00:00,chicken,25
595,2021-03-10 17:00:00,toilet paper,3
596,2021-03-10 17:00:00,chicken,14
597,2021-03-10 18:00:00,cupcakes,1
598,2021-03-10 18:00:00,beef,22
599,2021-03-10 18:00:00,tea,16
600,2021-03-10 18:00:00,coffee,10
601,2021-03-10 18:00:00,toilet paper,12
602,2021-03-10 18:00:00,tea,19
603,2021-03-10 18:00:00,chicken,14
604,2021-03-10 19:00:00,hand soap,12
605,2021-03-10 19:00:00,laundry detergent,1
606,2021-03-10 19:00:00,loaves,22
607,2021-03-10 19:00:00,bananas,14
608,2021-03-10 19:00:00,shaving cream,21
609,2021-03-10 19:00:00,all purpose,5
610,2021-03-10 19:00:00,apples,30
611,2021-03-10 19:00:00,shaving cream,6
612,2021-03-10 19:00:00,tea,19
613,2021-03-10 19:00:00,cupcakes,7
614,2021-03-10 19:00:00,ketchup,30
615,2021-03-10 19:00:00,loaves,5
616,2021-03-10 19:00:00,oranges,21
617,2021-03-10 19:00:00,beans,28
618,2021-03-10 20:00:00,all purpose,5
619,2021-03-10 20:00:00,coffee,2
620,2021-03-10 20:00:00,shampoo,1
621,2021-03-10 20:00:00,pork,21
622,2021-03-10 21:00:00,cookies,4
623,2021-03-10 21:00:00,shaving cream,11
624,2021-03-10 21:00:00,shaving cream,16
625,2021-03-10 22:00:00,cookies,1
626,2021-03-10 22:00:00,coffee,3
627,2021-03-10 22:00:00,beef,6
628,2021-03-10 23:00:00,chicken,16
629,2021-03-10 23:00:00,coffee,5
630,2021-03-10 23:00:00,apples,10
631,2021-03-11 08:00:00,ketchup,25
632,2021-03-11 10:00:00,tilapia,19
633,2021-03-11 10:00:00,loaves,19
634,2021-03-11 10:00:00,apples,29
635,2021-03-11 11:00:00,coffee,11
636,2021-03-11 11:00:00,ketchup,11
637,2021-03-11 11:00:00,dish soap,2
638,2021-03-11 11:00:00,beans,3
639,2021-03-11 11:00:00,apples,6
640,2021-03-11 12:00:00,shaving cream,8
641,2021-03-11 12:00:00,paper towels,29
642,2021-03-11 13:00:00,buns,24
643,2021-03-11 13:00:00,pork,15
644,2021-03-11 13:00:00,hand soap,19
645,2021-03-11 14:00:00,toilet paper,3
646,2021-03-11 14:00:00,coffee,4
647,2021-03-11 14:00:00,pork,16
648,2021-03-11 15:00:00,toilet paper,4
649,2021-03-11 15:00:00,apples,19
650,2021-03-11 16:00:00,dish soap,1
651,2021-03-11 16:00:00,chicken,25
652,2021-03-11 17:00:00,paper towels,28
653,2021-03-11 17:00:00,ketchup,10
654,2021-03-11 17:00:00,cupcakes,8
655,2021-03-11 17:00:00,apples,16
656,2021-03-11 17:00:00,ketchup,9
657,2021-03-11 17:00:00,cookies,28
658,2021-03-11 18:00:00,shaving cream,9
659,2021-03-11 18:00:00,toilet paper,12
660,2021-03-11 18:00:00,cookies,14
661,2021-03-11 18:00:00,coffee,1
662,2021-03-11 18:00:00,soda,18
663,2021-03-11 18:00:00,ketchup,22
664,2021-03-11 18:00:00,dish soap,1
665,2021-03-11 19:00:00,hand soap,26
666,2021-03-11 19:00:00,dish soap,1
667,2021-03-11 19:00:00,beef,13
668,2021-03-11 19:00:00,tea,24
669,2021-03-11 19:00:00,shaving cream,27
670,2021-03-11 20:00:00,soda,17
671,2021-03-11 20:00:00,apples,13
672,2021-03-11 21:00:00,beans,20
673,2021-03-11 22:00:00,toilet paper,17
674,2021-03-12 08:00:00,apples,27
675,2021-03-12 09:00:00,loaves,21
676,2021-03-12 09:00:00,toilet paper,14
677,2021-03-12 09:00:00,bananas,28
678,2021-03-12 09:00:00,toilet paper,20
679,2021-03-12 10:00:00,oranges,30
680,2021-03-12 10:00:00,tilapia,23
681,2021-03-12 11:00:00,dish soap,2
682,2021-03-12 11:00:00,hand soap,26
683,2021-03-12 11:00:00,tea,13
684,2021-03-12 11:00:00,loaves,18
685,2021-03-12 12:00:00,laundry detergent,5
686,2021-03-12 12:00:00,paper towels,8
687,2021-03-12 12:00:00,chicken,21
688,2021-03-12 13:00:00,all purpose,1
689,2021-03-12 13:00:00,beans,4
690,2021-03-12 13:00:00,toilet paper,24
691,2021-03-12 13:00:00,all purpose,3
692,2021-03-12 13:00:00,shampoo,1
693,2021-03-12 13:00:00,cupcakes,3
694,2021-03-12 13:00:00,bananas,23
695,2021-03-12 13:00:00,dish soap,2
696,2021-03-12 13:00:00,apples,10
697,2021-03-12 13:00:00,shaving cream,2
698,2021-03-12 13:00:00,coffee,2
699,2021-03-12 14:00:00,beef,30
700,2021-03-12 14:00:00,buns,24
701,2021-03-12 14:00:00,chicken,2
702,2021-03-12 14:00:00,oranges,8
703,2021-03-12 14:00:00,coffee,12
704,2021-03-12 14:00:00,coffee,8
705,2021-03-12 14:00:00,oranges,6
706,2021-03-12 14:00:00,pork,29
707,2021-03-12 15:00:00,all purpose,3
708,2021-03-12 15:00:00,chicken,30
709,2021-03-12 16:00:00,coffee,13
710,2021-03-12 16:00:00,shaving cream,12
711,2021-03-12 16:00:00,hand soap,10
712,2021-03-12 16:00:00,ketchup,20
713,2021-03-12 17:00:00,toilet paper,29
714,2021-03-12 17:00:00,shampoo,3
715,2021-03-12 17:00:00,soda,23
716,2021-03-12 17:00:00,tea,18
717,2021-03-12 17:00:00,tea,12
718,2021-03-12 17:00:00,beef,17
719,2021-03-12 18:00:00,dish soap,2
720,2021-03-12 18:00:00,shaving cream,26
721,2021-03-12 18:00:00,beef,12
722,2021-03-12 18:00:00,beans,8
723,2021-03-12 18:00:00,coffee,13
724,2021-03-12 18:00:00,soda,6
725,2021-03-12 18:00:00,ketchup,12
726,2021-03-12 18:00:00,toilet paper,26
727,2021-03-12 18:00:00,beans,21
728,2021-03-12 18:00:00,beans,20
729,2021-03-12 19:00:00,pork,20
730,2021-03-12 19:00:00,paper towels,22
731,2021-03-12 19:00:00,tea,8
732,2021-03-12 19:00:00,toilet paper,10
733,2021-03-12 19:00:00,apples,25
734,2021-03-12 19:00:00,hand soap,26
735,2021-03-12 20:00:00,beef,24
736,2021-03-12 20:00:00,beef,18
737,2021-03-12 20:00:00,tilapia,7
738,2021-03-12 20:00:00,paper towels,2
739,2021-03-12 20:00:00,oranges,14
740,2021-03-12 21:00:00,hand soap,23
741,2021-03-12 21:00:00,paper towels,15
742,2021-03-12 21:00:00,laundry detergent,4
743,2021-03-12 21:00:00,loaves,15
744,2021-03-12 23:00:00,cookies,19
745,2021-03-13 08:00:00,bananas,3
746,2021-03-13 08:00:00,chicken,6
747,2021-03-13 08:00:00,beans,11
748,2021-03-13 09:00:00,chicken,24
749,2021-03-13 09:00:00,hand soap,1
750,2021-03-13 09:00:00,buns,21
751,2021-03-13 10:00:00,toilet paper,14
752,2021-03-13 11:00:00,cupcakes,5
753,2021-03-13 11:00:00,shaving cream,11
754,2021-03-13 11:00:00,pork,10
755,2021-03-13 11:00:00,oranges,21
756,2021-03-13 11:00:00,cookies,9
757,2021-03-13 12:00:00,bananas,3
758,2021-03-13 13:00:00,beef,1
759,2021-03-13 13:00:00,dish soap,2
760,2021-03-13 13:00:00,tea,6
761,2021-03-13 13:00:00,apples,11
762,2021-03-13 13:00:00,cookies,22
763,2021-03-13 13:00:00,pork,13
764,2021-03-13 14:00:00,beef,22
765,2021-03-13 14:00:00,cupcakes,17
766,2021-03-13 15:00:00,toilet paper,22
767,2021-03-13 16:00:00,tilapia,7
768,2021-03-13 16:00:00,dish soap,2
769,2021-03-13 17:00:00,shampoo,7
770,2021-03-13 17:00:00,shaving cream,25
771,2021-03-13 17:00:00,tilapia,8
772,2021-03-13 17:00:00,toilet paper,3
773,2021-03-13 17:00:00,apples,10
774,2021-03-13 18:00:00,loaves,25
775,2021-03-13 18:00:00,toilet paper,6
776,2021-03-13 18:00:00,bananas,14
777,2021-03-13 18:00:00,coffee,8
778,2021-03-13 18:00:00,pork,2
779,2021-03-13 18:00:00,bananas,25
780,2021-03-13 18:00:00,soda,24
781,2021-03-13 19:00:00,cupcakes,2
782,2021-03-13 19:00:00,beans,19
783,2021-03-13 19:00:00,buns,20
784,2021-03-13 19:00:00,loaves,14
785,2021-03-13 19:00:00,paper towels,28
786,2021-03-13 19:00:00,dish soap,2
787,2021-03-13 19:00:00,tea,2
788,2021-03-13 20:00:00,chicken,13
789,2021-03-13 20:00:00,beans,23
790,2021-03-13 20:00:00,beef,12
791,2021-03-14 08:00:00,ketchup,8
792,2021-03-14 09:00:00,buns,28
793,2021-03-14 09:00:00,hand soap,2
794,2021-03-14 10:00:00,hand soap,25
795,2021-03-14 10:00:00,cookies,30
796,2021-03-14 11:00:00,cupcakes,11
797,2021-03-14 11:00:00,beans,4
798,2021-03-14 11:00:00,beef,4
799,2021-03-14 11:00:00,dish soap,2
800,2021-03-14 11:00:00,pork,26
801,2021-03-14 11:00:00,coffee,7
802,2021-03-14 11:00:00,oranges,4
803,2021-03-14 11:00:00,loaves,16
804,2021-03-14 11:00:00,tilapia,27
805,2021-03-14 12:00:00,beans,12
806,2021-03-14 13:00:00,cookies,25
807,2021-03-14 13:00:00,beef,29
808,2021-03-14 13:00:00,ketchup,27
809,2021-03-14 13:00:00,bananas,1
810,2021-03-14 14:00:00,beans,4
811,2021-03-14 14:00:00,beef,2
812,2021-03-14 14:00:00,coffee,9
813,2021-03-14 14:00:00,chicken,20
814,2021-03-14 14:00:00,shampoo,9
815,2021-03-14 15:00:00,beans,21
816,2021-03-14 15:00:00,shampoo,6
817,2021-03-14 15:00:00,shaving cream,14
818,2021-03-14 16:00:00,tea,17
819,2021-03-14 16:00:00,cookies,27
820,2021-03-14 17:00:00,beef,12
821,2021-03-14 17:00:00,chicken,6
822,2021-03-14 17:00:00,coffee,8
823,2021-03-14 18:00:00,cookies,12
824,2021-03-14 18:00:00,chicken,13
825,2021-03-14 18:00:00,apples,23
826,2021-03-14 18:00:00,beef,3
827,2021-03-14 18:00:00,pork,9
828,2021-03-14 19:00:00,apples,5
829,2021-03-14 19:00:00,all purpose,2
830,2021-03-14 19:00:00,shampoo,1
831,2021-03-14 19:00:00,dish soap,2
832,2021-03-14 19:00:00,tea,13
833,2021-03-14 19:00:00,shaving cream,30
834,2021-03-14 19:00:00,laundry detergent,2
835,2021-03-14 20:00:00,soda,26
836,2021-03-14 20:00:00,ketchup,18
837,2021-03-14 20:00:00,beef,5
838,2021-03-14 20:00:00,dish soap,2
839,2021-03-14 21:00:00,apples,17
840,2021-03-14 23:00:00,shampoo,9
841,2021-03-15 08:00:00,chicken,12
842,2021-03-15 09:00:00,toilet paper,24
843,2021-03-15 09:00:00,tea,3
844,2021-03-15 09:00:00,dish soap,1
845,2021-03-15 09:00:00,laundry detergent,4
846,2021-03-15 10:00:00,pork,13
847,2021-03-15 10:00:00,all purpose,6
848,2021-03-15 11:00:00,shampoo,7
849,2021-03-15 11:00:00,beef,15
850,2021-03-15 11:00:00,soda,27
851,2021-03-15 11:00:00,coffee,4
852,2021-03-15 11:00:00,shampoo,5
853,2021-03-15 12:00:00,apples,21
854,2021-03-15 12:00:00,ketchup,19
855,2021-03-15 13:00:00,tea,8
856,2021-03-15 13:00:00,coffee,12
857,2021-03-15 13:00:00,loaves,20
858,2021-03-15 13:00:00,apples,6
859,2021-03-15 14:00:00,beef,5
860,2021-03-15 14:00:00,soda,8
861,2021-03-15 14:00:00,shaving cream,16
862,2021-03-15 14:00:00,toilet paper,5
863,2021-03-15 14:00:00,tilapia,11
864,2021-03-15 14:00:00,tea,23
865,2021-03-15 14:00:00,beef,18
866,2021-03-15 15:00:00,tilapia,29
867,2021-03-15 15:00:00,beans,9
868,2021-03-15 16:00:00,laundry detergent,5
869,2021-03-15 16:00:00,cookies,4
870,2021-03-15 17:00:00,tea,1
871,2021-03-15 17:00:00,ketchup,14
872,2021-03-15 17:00:00,tea,15
873,2021-03-15 17:00:00,bananas,14
874,2021-03-15 17:00:00,ketchup,18
875,2021-03-15 18:00:00,ketchup,16
876,2021-03-15 18:00:00,tilapia,4
877,2021-03-15 18:00:00,laundry detergent,2
878,2021-03-15 18:00:00,chicken,2
879,2021-03-15 18:00:00,loaves,7
880,2021-03-15 18:00:00,toilet paper,21
881,2021-03-15 19:00:00,toilet paper,6
882,2021-03-15 19:00:00,loaves,18
883,2021-03-15 19:00:00,bananas,30
884,2021-03-15 19:00:00,cupcakes,14
885,2021-03-15 19:00:00,hand soap,14
886,2021-03-15 19:00:00,soda,11
887,2021-03-15 19:00:00,tilapia,2
888,2021-03-15 19:00:00,buns,23
889,2021-03-15 20:00:00,buns,16
890,2021-03-15 20:00:00,laundry detergent,2
891,2021-03-15 21:00:00,soda,6
892,2021-03-15 21:00:00,pork,28
893,2021-03-15 21:00:00,laundry detergent,3
894,2021-03-15 22:00:00,dish soap,1
895,2021-03-15 22:00:00,coffee,6
896,2021-03-15 22:00:00,cookies,12
897,2021-03-15 23:00:00,shampoo,3
898,2021-03-16 08:00:00,oranges,10
899,2021-03-16 09:00:00,tilapia,7
900,2021-03-16 10:00:00,dish soap,1
901,2021-03-16 10:00:00,tilapia,14
902,2021-03-16 10:00:00,pork,5
903,2021-03-16 11:00:00,all purpose,3
904,2021-03-16 11:00:00,buns,12
905,2021-03-16 11:00:00,cookies,3
906,2021-03-16 12:00:00,pork,11
907,2021-03-16 13:00:00,soda,28
908,2021-03-16 13:00:00,toilet paper,24
909,2021-03-16 13:00:00,paper towels,30
910,2021-03-16 13:00:00,oranges,21
911,2021-03-16 13:00:00,bananas,7
912,2021-03-16 13:00:00,beans,8
913,2021-03-16 13:00:00,laundry detergent,2
914,2021-03-16 13:00:00,cookies,21
915,2021-03-16 14:00:00,cupcakes,7
916,2021-03-16 14:00:00,dish soap,1
917,2021-03-16 14:00:00,toilet paper,7
918,2021-03-16 14:00:00,beans,23
919,2021-03-16 14:00:00,beef,26
920,2021-03-16 14:00:00,tilapia,22
921,2021-03-16 14:00:00,beans,25
922,2021-03-16 14:00:00,beef,6
923,2021-03-16 15:00:00,shaving cream,27
924,2021-03-16 15:00:00,beef,22
925,2021-03-16 15:00:00,cookies,9
926,2021-03-16 16:00:00,laundry detergent,2
927,2021-03-16 16:00:00,bananas,19
928,2021-03-16 16:00:00,laundry detergent,5
929,2021-03-16 16:00:00,coffee,10
930,2021-03-16 17:00:00,apples,16
931,2021-03-16 17:00:00,loaves,23
932,2021-03-16 17:00:00,oranges,21
933,2021-03-16 17:00:00,beans,2
934,2021-03-16 17:00:00,beans,28
935,2021-03-16 18:00:00,dish soap,2
936,2021-03-16 18:00:00,tilapia,19
937,2021-03-16 18:00:00,laundry detergent,5
938,2021-03-16 18:00:00,shaving cream,17
939,2021-03-16 18:00:00,beans,21
940,2021-03-16 18:00:00,beef,14
941,2021-03-16 18:00:00,pork,26
942,2021-03-16 18:00:00,ketchup,30
943,2021-03-16 18:00:00,laundry detergent,6
944,2021-03-16 18:00:00,beans,11
945,2021-03-16 18:00:00,all purpose,1
946,2021-03-16 19:00:00,toilet paper,19
947,2021-03-16 19:00:00,dish soap,2
948,2021-03-16 19:00:00,beef,9
949,2021-03-16 19:00:00,tilapia,23
950,2021-03-16 19:00:00,tilapia,30
951,2021-03-16 19:00:00,pork,1
952,2021-03-16 19:00:00,oranges,9
953,2021-03-16 20:00:00,coffee,9
954,2021-03-16 20:00:00,coffee,11
955,2021-03-16 20:00:00,shampoo,8
956,2021-03-16 20:00:00,laundry detergent,6
957,2021-03-16 21:00:00,chicken,5
958,2021-03-16 21:00:00,bananas,30
959,2021-03-16 21:00:00,soda,27
960,2021-03-16 22:00:00,cookies,18
961,2021-03-16 23:00:00,oranges,16
962,2021-03-16 23:00:00,shampoo,3
963,2021-03-17 08:00:00,ketchup,19
964,2021-03-17 08:00:00,beans,15
965,2021-03-17 09:00:00,shampoo,9
966,2021-03-17 09:00:00,tea,29
967,2021-03-17 09:00:00,pork,20
968,2021-03-17 09:00:00,pork,9
969,2021-03-17 10:00:00,loaves,18
970,2021-03-17 11:00:00,beans,24
971,2021-03-17 11:00:00,toilet paper,8
972,2021-03-17 11:00:00,tilapia,28
973,2021-03-17 11:00:00,tilapia,21
974,2021-03-17 11:00:00,buns,13
975,2021-03-17 11:00:00,shaving cream,8
976,2021-03-17 11:00:00,hand soap,13
977,2021-03-17 12:00:00,tea,18
978,2021-03-17 12:00:00,hand soap,19
979,2021-03-17 12:00:00,loaves,24
980,2021-03-17 13:00:00,loaves,4
981,2021-03-17 13:00:00,beef,2
982,2021-03-17 13:00:00,toilet paper,19
983,2021-03-17 13:00:00,dish soap,2
984,2021-03-17 13:00:00,shampoo,6
985,2021-03-17 13:00:00,ketchup,2
986,2021-03-17 14:00:00,hand soap,9
987,2021-03-17 14:00:00,dish soap,2
988,2021-03-17 14:00:00,beans,25
989,2021-03-17 14:00:00,all purpose,1
990,2021-03-17 14:00:00,ketchup,14
991,2021-03-17 14:00:00,shampoo,6
992,2021-03-17 15:00:00,loaves,4
993,2021-03-17 15:00:00,apples,14
994,2021-03-17 15:00:00,pork,4
995,2021-03-17 17:00:00,cupcakes,12
996,2021-03-17 17:00:00,beans,6
997,2021-03-17 17:00:00,bananas,17
998,2021-03-17 18:00:00,oranges,29
999,2021-03-17 18:00:00,chicken,23
1000,2021-03-17 18:00:00,all purpose,6
1001,2021-03-17 18:00:00,laundry detergent,1
1002,2021-03-17 18:00:00,pork,22
1003,2021-03-17 19:00:00,bananas,22
1004,2021-03-17 19:00:00,chicken,26
1005,2021-03-17 19:00:00,dish soap,2
1006,2021-03-17 19:00:00,shampoo,8
1007,2021-03-17 20:00:00,dish soap,1
1008,2021-03-17 21:00:00,dish soap,1
1009,2021-03-17 21:00:00,shampoo,7
1010,2021-03-17 21:00:00,shampoo,1
1011,2021-03-17 21:00:00,soda,1
1012,2021-03-17 21:00:00,pork,28
1013,2021-03-17 22:00:00,cupcakes,2
1014,2021-03-17 23:00:00,pork,27
1015,2021-03-18 08:00:00,all purpose,2
1016,2021-03-18 09:00:00,soda,15
1017,2021-03-18 09:00:00,beans,26
1018,2021-03-18 09:00:00,loaves,20
1019,2021-03-18 10:00:00,coffee,11
1020,2021-03-18 10:00:00,hand soap,29
1021,2021-03-18 10:00:00,hand soap,16
1022,2021-03-18 11:00:00,paper towels,21
1023,2021-03-18 11:00:00,paper towels,30
1024,2021-03-18 11:00:00,buns,13
1025,2021-03-18 11:00:00,coffee,13
1026,2021-03-18 11:00:00,pork,14
1027,2021-03-18 11:00:00,pork,9
1028,2021-03-18 12:00:00,paper towels,18
1029,2021-03-18 13:00:00,hand soap,10
1030,2021-03-18 13:00:00,chicken,19
1031,2021-03-18 13:00:00,tea,23
1032,2021-03-18 13:00:00,dish soap,1
1033,2021-03-18 13:00:00,tea,17
1034,2021-03-18 13:00:00,tilapia,17
1035,2021-03-18 13:00:00,dish soap,1
1036,2021-03-18 13:00:00,paper towels,21
1037,2021-03-18 14:00:00,toilet paper,24
1038,2021-03-18 14:00:00,all purpose,6
1039,2021-03-18 14:00:00,ketchup,1
1040,2021-03-18 14:00:00,bananas,9
1041,2021-03-18 14:00:00,shampoo,1
1042,2021-03-18 14:00:00,coffee,3
1043,2021-03-18 14:00:00,shaving cream,6
1044,2021-03-18 14:00:00,hand soap,10
1045,2021-03-18 15:00:00,hand soap,12
1046,2021-03-18 15:00:00,paper towels,8
1047,2021-03-18 16:00:00,buns,30
1048,2021-03-18 16:00:00,laundry detergent,2
1049,2021-03-18 16:00:00,dish soap,2
1050,2021-03-18 17:00:00,cupcakes,2
1051,2021-03-18 17:00:00,dish soap,1
1052,2021-03-18 17:00:00,coffee,2
1053,2021-03-18 17:00:00,ketchup,25
1054,2021-03-18 17:00:00,dish soap,1
1055,2021-03-18 18:00:00,tea,30
1056,2021-03-18 18:00:00,cupcakes,14
1057,2021-03-18 18:00:00,tea,9
1058,2021-03-18 18:00:00,tilapia,18
1059,2021-03-18 18:00:00,tea,21
1060,2021-03-18 18:00:00,beans,19
1061,2021-03-18 19:00:00,chicken,10
1062,2021-03-18 19:00:00,shampoo,2
1063,2021-03-18 19:00:00,apples,20
1064,2021-03-18 19:00:00,beans,8
1065,2021-03-18 19:00:00,coffee,11
1066,2021-03-18 19:00:00,oranges,30
1067,2021-03-18 19:00:00,beans,9
1068,2021-03-18 19:00:00,beans,22
1069,2021-03-18 19:00:00,beans,18
1070,2021-03-18 19:00:00,hand soap,19
1071,2021-03-18 19:00:00,pork,18
1072,2021-03-18 20:00:00,shaving cream,14
1073,2021-03-18 21:00:00,laundry detergent,3
1074,2021-03-18 21:00:00,toilet paper,9
1075,2021-03-18 21:00:00,ketchup,22
1076,2021-03-18 21:00:00,oranges,13
1077,2021-03-18 22:00:00,bananas,1
1078,2021-03-19 08:00:00,oranges,11
1079,2021-03-19 08:00:00,dish soap,1
1080,2021-03-19 08:00:00,soda,13
1081,2021-03-19 09:00:00,chicken,22
1082,2021-03-19 09:00:00,bananas,15
1083,2021-03-19 09:00:00,chicken,23
1084,2021-03-19 10:00:00,chicken,23
1085,2021-03-19 10:00:00,dish soap,1
1086,2021-03-19 11:00:00,shaving cream,29
1087,2021-03-19 11:00:00,ketchup,4
1088,2021-03-19 11:00:00,tea,18
1089,2021-03-19 11:00:00,shaving cream,4
1090,2021-03-19 11:00:00,all purpose,2
1091,2021-03-19 11:00:00,hand soap,14
1092,2021-03-19 12:00:00,paper towels,29
1093,2021-03-19 12:00:00,ketchup,9
1094,2021-03-19 12:00:00,shaving cream,16
1095,2021-03-19 13:00:00,shampoo,2
1096,2021-03-19 13:00:00,soda,7
1097,2021-03-19 13:00:00,all purpose,4
1098,2021-03-19 13:00:00,ketchup,28
1099,2021-03-19 13:00:00,oranges,6
1100,2021-03-19 13:00:00,laundry detergent,5
1101,2021-03-19 13:00:00,toilet paper,20
1102,2021-03-19 14:00:00,pork,8
1103,2021-03-19 14:00:00,buns,17
1104,2021-03-19 14:00:00,all purpose,5
1105,2021-03-19 14:00:00,toilet paper,8
1106,2021-03-19 14:00:00,chicken,1
1107,2021-03-19 14:00:00,oranges,13
1108,2021-03-19 15:00:00,beef,6
1109,2021-03-19 16:00:00,shampoo,3
1110,2021-03-19 16:00:00,beef,15
1111,2021-03-19 16:00:00,bananas,17
1112,2021-03-19 16:00:00,shaving cream,12
1113,2021-03-19 16:00:00,tilapia,11
1114,2021-03-19 16:00:00,hand soap,2
1115,2021-03-19 17:00:00,apples,13
1116,2021-03-19 17:00:00,paper towels,8
1117,2021-03-19 18:00:00,paper towels,30
1118,2021-03-19 18:00:00,cookies,27
1119,2021-03-19 18:00:00,tilapia,10
1120,2021-03-19 18:00:00,laundry detergent,4
1121,2021-03-19 18:00:00,pork,9
1122,2021-03-19 18:00:00,coffee,1
1123,2021-03-19 18:00:00,loaves,24
1124,2021-03-19 19:00:00,bananas,13
1125,2021-03-19 19:00:00,hand soap,29
1126,2021-03-19 19:00:00,toilet paper,6
1127,2021-03-19 19:00:00,toilet paper,29
1128,2021-03-19 19:00:00,all purpose,4
1129,2021-03-19 19:00:00,soda,5
1130,2021-03-19 19:00:00,laundry detergent,2
1131,2021-03-19 20:00:00,buns,16
1132,2021-03-19 20:00:00,apples,9
1133,2021-03-19 20:00:00,hand soap,3
1134,2021-03-19 20:00:00,ketchup,8
1135,2021-03-19 20:00:00,shampoo,5
1136,2021-03-19 20:00:00,cookies,11
1137,2021-03-19 20:00:00,bananas,3
1138,2021-03-19 20:00:00,chicken,11
1139,2021-03-19 21:00:00,buns,8
1140,2021-03-19 21:00:00,beef,7
1141,2021-03-19 21:00:00,coffee,9
1142,2021-03-19 21:00:00,paper towels,3
1143,2021-03-19 22:00:00,soda,5
1144,2021-03-19 22:00:00,beef,20
1145,2021-03-20 08:00:00,bananas,27
1146,2021-03-20 08:00:00,pork,14
1147,2021-03-20 09:00:00,chicken,16
1148,2021-03-20 09:00:00,toilet paper,16
1149,2021-03-20 09:00:00,shampoo,7
1150,2021-03-20 10:00:00,cupcakes,19
1151,2021-03-20 11:00:00,tea,20
1152,2021-03-20 11:00:00,oranges,7
1153,2021-03-20 12:00:00,soda,3
1154,2021-03-20 12:00:00,hand soap,11
1155,2021-03-20 12:00:00,beans,27
1156,2021-03-20 12:00:00,laundry detergent,3
1157,2021-03-20 12:00:00,toilet paper,9
1158,2021-03-20 12:00:00,toilet paper,21
1159,2021-03-20 13:00:00,soda,17
1160,2021-03-20 13:00:00,oranges,23
1161,2021-03-20 13:00:00,paper towels,21
1162,2021-03-20 13:00:00,tilapia,12
1163,2021-03-20 13:00:00,cookies,9
1164,2021-03-20 13:00:00,coffee,5
1165,2021-03-20 13:00:00,paper towels,2
1166,2021-03-20 13:00:00,apples,8
1167,2021-03-20 13:00:00,oranges,3
1168,2021-03-20 13:00:00,toilet paper,10
1169,2021-03-20 14:00:00,paper towels,19
1170,2021-03-20 14:00:00,apples,21
1171,2021-03-20 14:00:00,soda,2
1172,2021-03-20 14:00:00,cupcakes,14
1173,2021-03-20 14:00:00,shampoo,1
1174,2021-03-20 14:00:00,hand soap,21
1175,2021-03-20 14:00:00,pork,5
1176,2021-03-20 15:00:00,beans,21
1177,2021-03-20 15:00:00,loaves,13
1178,2021-03-20 15:00:00,tilapia,27
1179,2021-03-20 15:00:00,bananas,12
1180,2021-03-20 15:00:00,cookies,8
1181,2021-03-20 16:00:00,dish soap,2
1182,2021-03-20 16:00:00,beef,5
1183,2021-03-20 16:00:00,buns,6
1184,2021-03-20 17:00:00,buns,6
1185,2021-03-20 17:00:00,dish soap,1
1186,2021-03-20 17:00:00,laundry detergent,2
1187,2021-03-20 18:00:00,cookies,27
1188,2021-03-20 18:00:00,ketchup,2
1189,2021-03-20 18:00:00,toilet paper,22
1190,2021-03-20 18:00:00,laundry detergent,3
1191,2021-03-20 18:00:00,toilet paper,26
1192,2021-03-20 18:00:00,chicken,3
1193,2021-03-20 18:00:00,laundry detergent,2
1194,2021-03-20 18:00:00,bananas,20
1195,2021-03-20 19:00:00,shampoo,4
1196,2021-03-20 19:00:00,chicken,8
1197,2021-03-20 19:00:00,bananas,25
1198,2021-03-20 19:00:00,cupcakes,20
1199,2021-03-20 20:00:00,toilet paper,4
1200,2021-03-20 20:00:00,paper towels,21
1201,2021-03-20 20:00:00,tea,19
1202,2021-03-20 20:00:00,hand soap,5
1203,2021-03-20 20:00:00,coffee,8
1204,2021-03-20 21:00:00,cupcakes,7
1205,2021-03-20 21:00:00,paper towels,19
1206,2021-03-20 21:00:00,toilet paper,27
1207,2021-03-20 22:00:00,cookies,8
1208,2021-03-21 08:00:00,beef,5
1209,2021-03-21 09:00:00,laundry detergent,4
1210,2021-03-21 09:00:00,shaving cream,21
1211,2021-03-21 10:00:00,bananas,7
1212,2021-03-21 10:00:00,tilapia,25
1213,2021-03-21 10:00:00,shaving cream,3
1214,2021-03-21 10:00:00,oranges,18
1215,2021-03-21 10:00:00,paper towels,12
1216,2021-03-21 10:00:00,tea,12
1217,2021-03-21 11:00:00,apples,6
1218,2021-03-21 11:00:00,coffee,2
1219,2021-03-21 11:00:00,oranges,14
1220,2021-03-21 11:00:00,soda,28
1221,2021-03-21 12:00:00,ketchup,17
1222,2021-03-21 12:00:00,chicken,28
1223,2021-03-21 12:00:00,laundry detergent,4
1224,2021-03-21 12:00:00,buns,11
1225,2021-03-21 12:00:00,laundry detergent,1
1226,2021-03-21 12:00:00,loaves,25
1227,2021-03-21 12:00:00,all purpose,5
1228,2021-03-21 13:00:00,buns,9
1229,2021-03-21 13:00:00,all purpose,1
1230,2021-03-21 13:00:00,tilapia,8
1231,2021-03-21 14:00:00,soda,26
1232,2021-03-21 14:00:00,ketchup,27
1233,2021-03-21 14:00:00,beef,14
1234,2021-03-21 14:00:00,apples,16
1235,2021-03-21 14:00:00,ketchup,7
1236,2021-03-21 14:00:00,cupcakes,20
1237,2021-03-21 14:00:00,laundry detergent,2
1238,2021-03-21 14:00:00,tilapia,23
1239,2021-03-21 14:00:00,toilet paper,4
1240,2021-03-21 14:00:00,toilet paper,30
1241,2021-03-21 15:00:00,all purpose,5
1242,2021-03-21 15:00:00,paper towels,1
1243,2021-03-21 15:00:00,bananas,3
1244,2021-03-21 16:00:00,shaving cream,29
1245,2021-03-21 16:00:00,cupcakes,3
1246,2021-03-21 16:00:00,cookies,29
1247,2021-03-21 16:00:00,buns,5
1248,2021-03-21 16:00:00,cookies,9
1249,2021-03-21 16:00:00,chicken,6
1250,2021-03-21 17:00:00,chicken,17
1251,2021-03-21 17:00:00,laundry detergent,3
1252,2021-03-21 18:00:00,tilapia,24
1253,2021-03-21 18:00:00,tilapia,23
1254,2021-03-21 18:00:00,hand soap,30
1255,2021-03-21 18:00:00,shaving cream,18
1256,2021-03-21 18:00:00,bananas,18
1257,2021-03-21 18:00:00,paper towels,29
1258,2021-03-21 18:00:00,oranges,17
1259,2021-03-21 18:00:00,beans,14
1260,2021-03-21 19:00:00,buns,26
1261,2021-03-21 19:00:00,shampoo,4
1262,2021-03-21 19:00:00,ketchup,11
1263,2021-03-21 19:00:00,ketchup,20
1264,2021-03-21 19:00:00,oranges,19
1265,2021-03-21 19:00:00,cupcakes,3
1266,2021-03-21 20:00:00,cookies,27
1267,2021-03-21 20:00:00,laundry detergent,6
1268,2021-03-21 20:00:00,laundry detergent,5
1269,2021-03-21 21:00:00,tea,18
1270,2021-03-21 21:00:00,coffee,10
1271,2021-03-21 21:00:00,cupcakes,20
1272,2021-03-21 22:00:00,tilapia,21
1273,2021-03-22 08:00:00,beef,18
1274,2021-03-22 08:00:00,shaving cream,6
1275,2021-03-22 09:00:00,soda,28
1276,2021-03-22 09:00:00,shaving cream,30
1277,2021-03-22 09:00:00,toilet paper,17
1278,2021-03-22 09:00:00,beef,8
1279,2021-03-22 10:00:00,tea,20
1280,2021-03-22 10:00:00,beans,12
1281,2021-03-22 10:00:00,ketchup,25
1282,2021-03-22 10:00:00,dish soap,2
1283,2021-03-22 11:00:00,toilet paper,24
1284,2021-03-22 11:00:00,shampoo,5
1285,2021-03-22 11:00:00,buns,24
1286,2021-03-22 11:00:00,buns,25
1287,2021-03-22 12:00:00,buns,8
1288,2021-03-22 12:00:00,oranges,21
1289,2021-03-22 12:00:00,laundry detergent,3
1290,2021-03-22 12:00:00,beans,9
1291,2021-03-22 12:00:00,chicken,16
1292,2021-03-22 12:00:00,oranges,4
1293,2021-03-22 12:00:00,soda,3
1294,2021-03-22 12:00:00,all purpose,1
1295,2021-03-22 13:00:00,ketchup,16
1296,2021-03-22 13:00:00,loaves,4
1297,2021-03-22 13:00:00,hand soap,13
1298,2021-03-22 13:00:00,coffee,8
1299,2021-03-22 13:00:00,paper towels,4
1300,2021-03-22 14:00:00,dish soap,2
1301,2021-03-22 14:00:00,hand soap,28
1302,2021-03-22 14:00:00,coffee,10
1303,2021-03-22 14:00:00,tilapia,5
1304,2021-03-22 15:00:00,cupcakes,19
1305,2021-03-22 15:00:00,pork,30
1306,2021-03-22 15:00:00,toilet paper,16
1307,2021-03-22 16:00:00,buns,14
1308,2021-03-22 16:00:00,apples,15
1309,2021-03-22 16:00:00,pork,9
1310,2021-03-22 17:00:00,hand soap,27
1311,2021-03-22 18:00:00,pork,5
1312,2021-03-22 18:00:00,shampoo,8
1313,2021-03-22 18:00:00,chicken,8
1314,2021-03-22 18:00:00,cookies,15
1315,2021-03-22 18:00:00,coffee,3
1316,2021-03-22 18:00:00,soda,26
1317,2021-03-22 18:00:00,chicken,7
1318,2021-03-22 18:00:00,paper towels,21
1319,2021-03-22 18:00:00,shaving cream,30
1320,2021-03-22 18:00:00,hand soap,11
1321,2021-03-22 18:00:00,all purpose,3
1322,2021-03-22 18:00:00,apples,14
1323,2021-03-22 18:00:00,paper towels,23
1324,2021-03-22 19:00:00,apples,27
1325,2021-03-22 19:00:00,paper towels,1
1326,2021-03-22 19:00:00,dish soap,2
1327,2021-03-22 19:00:00,laundry detergent,4
1328,2021-03-22 19:00:00,oranges,29
1329,2021-03-22 19:00:00,shaving cream,6
1330,2021-03-22 19:00:00,beef,6
1331,2021-03-22 19:00:00,apples,29
1332,2021-03-22 19:00:00,paper towels,18
1333,2021-03-22 19:00:00,hand soap,25
1334,2021-03-22 20:00:00,loaves,10
1335,2021-03-22 20:00:00,buns,11
1336,2021-03-22 20:00:00,soda,1
1337,2021-03-22 21:00:00,beans,26
1338,2021-03-22 21:00:00,hand soap,2
1339,2021-03-22 21:00:00,ketchup,30
1340,2021-03-22 22:00:00,pork,27
1341,2021-03-22 22:00:00,paper towels,7
1342,2021-03-22 22:00:00,shaving cream,25
1343,2021-03-22 23:00:00,soda,24
1344,2021-03-23 09:00:00,soda,26
1345,2021-03-23 09:00:00,tea,19
1346,2021-03-23 09:00:00,dish soap,1
1347,2021-03-23 09:00:00,coffee,1
1348,2021-03-23 10:00:00,ketchup,30
1349,2021-03-23 10:00:00,chicken,26
1350,2021-03-23 11:00:00,cupcakes,13
1351,2021-03-23 11:00:00,ketchup,24
1352,2021-03-23 12:00:00,tilapia,12
1353,2021-03-23 12:00:00,oranges,17
1354,2021-03-23 12:00:00,oranges,11
1355,2021-03-23 12:00:00,shaving cream,25
1356,2021-03-23 12:00:00,beef,8
1357,2021-03-23 12:00:00,laundry detergent,5
1358,2021-03-23 12:00:00,oranges,1
1359,2021-03-23 13:00:00,shaving cream,7
1360,2021-03-23 13:00:00,loaves,3
1361,2021-03-23 13:00:00,soda,6
1362,2021-03-23 13:00:00,toilet paper,7
1363,2021-03-23 13:00:00,apples,20
1364,2021-03-23 13:00:00,toilet paper,16
1365,2021-03-23 13:00:00,paper towels,9
1366,2021-03-23 14:00:00,bananas,25
1367,2021-03-23 14:00:00,all purpose,1
1368,2021-03-23 14:00:00,shampoo,3
1369,2021-03-23 14:00:00,cupcakes,6
1370,2021-03-23 14:00:00,buns,29
1371,2021-03-23 14:00:00,tilapia,20
1372,2021-03-23 14:00:00,apples,25
1373,2021-03-23 14:00:00,tilapia,22
1374,2021-03-23 15:00:00,apples,28
1375,2021-03-23 15:00:00,tea,27
1376,2021-03-23 15:00:00,cupcakes,16
1377,2021-03-23 16:00:00,chicken,7
1378,2021-03-23 16:00:00,cupcakes,16
1379,2021-03-23 17:00:00,cookies,27
1380,2021-03-23 17:00:00,apples,16
1381,2021-03-23 17:00:00,cupcakes,19
1382,2021-03-23 17:00:00,cupcakes,10
1383,2021-03-23 17:00:00,bananas,29
1384,2021-03-23 18:00:00,soda,29
1385,2021-03-23 18:00:00,hand soap,11
1386,2021-03-23 18:00:00,chicken,13
1387,2021-03-23 18:00:00,all purpose,3
1388,2021-03-23 18:00:00,cupcakes,19
1389,2021-03-23 19:00:00,soda,17
1390,2021-03-23 19:00:00,laundry detergent,5
1391,2021-03-23 19:00:00,beans,22
1392,2021-03-23 19:00:00,pork,30
1393,2021-03-23 19:00:00,cookies,27
1394,2021-03-23 19:00:00,laundry detergent,1
1395,2021-03-23 20:00:00,cupcakes,6
1396,2021-03-23 20:00:00,toilet paper,20
1397,2021-03-23 21:00:00,cupcakes,1
1398,2021-03-23 21:00:00,coffee,5
1399,2021-03-23 21:00:00,laundry detergent,5
1400,2021-03-23 21:00:00,beans,21
1401,2021-03-23 22:00:00,laundry detergent,5
1402,2021-03-23 23:00:00,pork,7
1403,2021-03-23 23:00:00,buns,21
1404,2021-03-24 09:00:00,buns,16
1405,2021-03-24 09:00:00,paper towels,11
1406,2021-03-24 11:00:00,tea,1
1407,2021-03-24 12:00:00,coffee,9
1408,2021-03-24 12:00:00,cookies,17
1409,2021-03-24 12:00:00,shampoo,8
1410,2021-03-24 13:00:00,hand soap,25
1411,2021-03-24 13:00:00,cookies,15
1412,2021-03-24 13:00:00,buns,5
1413,2021-03-24 13:00:00,beans,12
1414,2021-03-24 13:00:00,all purpose,2
1415,2021-03-24 13:00:00,beef,25
1416,2021-03-24 14:00:00,shaving cream,27
1417,2021-03-24 14:00:00,soda,11
1418,2021-03-24 14:00:00,bananas,18
1419,2021-03-24 14:00:00,loaves,26
1420,2021-03-24 14:00:00,pork,24
1421,2021-03-24 14:00:00,bananas,22
1422,2021-03-24 15:00:00,pork,10
1423,2021-03-24 15:00:00,tea,13
1424,2021-03-24 15:00:00,buns,16
1425,2021-03-24 15:00:00,beans,8
1426,2021-03-24 16:00:00,shampoo,2
1427,2021-03-24 17:00:00,laundry detergent,3
1428,2021-03-24 17:00:00,shampoo,4
1429,2021-03-24 17:00:00,toilet paper,5
1430,2021-03-24 17:00:00,beef,4
1431,2021-03-24 18:00:00,pork,4
1432,2021-03-24 18:00:00,oranges,9
1433,2021-03-24 18:00:00,beans,15
1434,2021-03-24 18:00:00,oranges,28
1435,2021-03-24 18:00:00,loaves,15
1436,2021-03-24 18:00:00,soda,22
1437,2021-03-24 18:00:00,ketchup,22
1438,2021-03-24 18:00:00,bananas,25
1439,2021-03-24 18:00:00,tea,26
1440,2021-03-24 18:00:00,bananas,24
1441,2021-03-24 18:00:00,oranges,30
1442,2021-03-24 19:00:00,chicken,30
1443,2021-03-24 19:00:00,all purpose,3
1444,2021-03-24 19:00:00,paper towels,29
1445,2021-03-24 19:00:00,beans,17
1446,2021-03-24 19:00:00,tilapia,9
1447,2021-03-24 19:00:00,chicken,12
1448,2021-03-24 20:00:00,tea,27
1449,2021-03-24 21:00:00,bananas,28
1450,2021-03-24 21:00:00,soda,27
1451,2021-03-24 21:00:00,beans,17
1452,2021-03-24 21:00:00,all purpose,2
1453,2021-03-24 22:00:00,oranges,15
1454,2021-03-24 22:00:00,buns,20
1455,2021-03-24 23:00:00,laundry detergent,2
1456,2021-03-24 23:00:00,beans,10
1457,2021-03-25 09:00:00,shaving cream,30
1458,2021-03-25 10:00:00,laundry detergent,5
1459,2021-03-25 11:00:00,oranges,14
1460,2021-03-25 11:00:00,shampoo,7
1461,2021-03-25 11:00:00,buns,4
1462,2021-03-25 11:00:00,shaving cream,24
1463,2021-03-25 11:00:00,tea,28
1464,2021-03-25 11:00:00,all purpose,5
1465,2021-03-25 12:00:00,bananas,9
1466,2021-03-25 12:00:00,chicken,9
1467,2021-03-25 12:00:00,dish soap,2
1468,2021-03-25 12:00:00,cookies,20
1469,2021-03-25 13:00:00,bananas,16
1470,2021-03-25 13:00:00,beef,7
1471,2021-03-25 13:00:00,ketchup,11
1472,2021-03-25 13:00:00,tilapia,19
1473,2021-03-25 13:00:00,apples,1
1474,2021-03-25 13:00:00,buns,26
1475,2021-03-25 14:00:00,oranges,5
1476,2021-03-25 14:00:00,chicken,24
1477,2021-03-25 14:00:00,apples,21
1478,2021-03-25 16:00:00,shaving cream,23
1479,2021-03-25 16:00:00,tea,15
1480,2021-03-25 16:00:00,tilapia,10
1481,2021-03-25 16:00:00,dish soap,1
1482,2021-03-25 16:00:00,all purpose,1
1483,2021-03-25 16:00:00,loaves,13
1484,2021-03-25 16:00:00,oranges,24
1485,2021-03-25 17:00:00,soda,26
1486,2021-03-25 17:00:00,shampoo,2
1487,2021-03-25 18:00:00,pork,3
1488,2021-03-25 18:00:00,hand soap,12
1489,2021-03-25 18:00:00,hand soap,23
1490,2021-03-25 18:00:00,ketchup,13
1491,2021-03-25 18:00:00,bananas,6
1492,2021-03-25 18:00:00,tilapia,9
1493,2021-03-25 18:00:00,cupcakes,8
1494,2021-03-25 18:00:00,shampoo,8
1495,2021-03-25 18:00:00,shaving cream,17
1496,2021-03-25 19:00:00,shampoo,1
1497,2021-03-25 19:00:00,chicken,29
1498,2021-03-25 19:00:00,hand soap,21
1499,2021-03-25 19:00:00,coffee,9
1500,2021-03-25 19:00:00,buns,9
1501,2021-03-25 19:00:00,oranges,18
1502,2021-03-25 19:00:00,beef,7
1503,2021-03-25 19:00:00,tilapia,19
1504,2021-03-25 20:00:00,buns,24
1505,2021-03-25 20:00:00,soda,12
1506,2021-03-25 20:00:00,shampoo,3
1507,2021-03-25 20:00:00,tea,30
1508,2021-03-25 21:00:00,cupcakes,15
1509,2021-03-25 21:00:00,ketchup,29
1510,2021-03-25 22:00:00,buns,14
1511,2021-03-26 09:00:00,apples,10
1512,2021-03-26 09:00:00,ketchup,7
1513,2021-03-26 10:00:00,cookies,17
1514,2021-03-26 10:00:00,cookies,18
1515,2021-03-26 10:00:00,pork,18
1516,2021-03-26 10:00:00,tilapia,5
1517,2021-03-26 11:00:00,oranges,24
1518,2021-03-26 11:00:00,loaves,19
1519,2021-03-26 11:00:00,beef,5
1520,2021-03-26 11:00:00,hand soap,17
1521,2021-03-26 11:00:00,oranges,23
1522,2021-03-26 11:00:00,paper towels,19
1523,2021-03-26 12:00:00,all purpose,4
1524,2021-03-26 12:00:00,soda,1
1525,2021-03-26 12:00:00,paper towels,19
1526,2021-03-26 12:00:00,toilet paper,13
1527,2021-03-26 12:00:00,all purpose,3
1528,2021-03-26 13:00:00,beans,5
1529,2021-03-26 13:00:00,soda,30
1530,2021-03-26 13:00:00,tea,26
1531,2021-03-26 13:00:00,beans,25
1532,2021-03-26 13:00:00,laundry detergent,3
1533,2021-03-26 13:00:00,beef,28
1534,2021-03-26 14:00:00,coffee,11
1535,2021-03-26 14:00:00,oranges,19
1536,2021-03-26 14:00:00,laundry detergent,4
1537,2021-03-26 15:00:00,oranges,14
1538,2021-03-26 15:00:00,ketchup,16
1539,2021-03-26 16:00:00,bananas,23
1540,2021-03-26 16:00:00,cookies,7
1541,2021-03-26 16:00:00,laundry detergent,1
1542,2021-03-26 16:00:00,soda,21
1543,2021-03-26 16:00:00,cupcakes,19
1544,2021-03-26 17:00:00,toilet paper,6
1545,2021-03-26 17:00:00,tea,16
1546,2021-03-26 17:00:00,tea,29
1547,2021-03-26 17:00:00,cupcakes,15
1548,2021-03-26 17:00:00,dish soap,1
1549,2021-03-26 18:00:00,hand soap,30
1550,2021-03-26 18:00:00,apples,5
1551,2021-03-26 18:00:00,coffee,5
1552,2021-03-26 18:00:00,toilet paper,9
1553,2021-03-26 18:00:00,chicken,26
1554,2021-03-26 18:00:00,loaves,21
1555,2021-03-26 18:00:00,laundry detergent,1
1556,2021-03-26 18:00:00,soda,1
1557,2021-03-26 18:00:00,laundry detergent,4
1558,2021-03-26 18:00:00,paper towels,27
1559,2021-03-26 18:00:00,beans,13
1560,2021-03-26 18:00:00,chicken,30
1561,2021-03-26 19:00:00,soda,27
1562,2021-03-26 19:00:00,paper towels,19
1563,2021-03-26 19:00:00,buns,2
1564,2021-03-26 19:00:00,beef,4
1565,2021-03-26 19:00:00,all purpose,2
1566,2021-03-26 19:00:00,toilet paper,25
1567,2021-03-26 19:00:00,cupcakes,5
1568,2021-03-26 19:00:00,cookies,6
1569,2021-03-26 19:00:00,paper towels,17
1570,2021-03-26 19:00:00,bananas,12
1571,2021-03-26 19:00:00,oranges,16
1572,2021-03-26 20:00:00,shaving cream,16
1573,2021-03-26 20:00:00,loaves,12
1574,2021-03-26 20:00:00,apples,22
1575,2021-03-26 20:00:00,soda,18
1576,2021-03-26 20:00:00,coffee,3
1577,2021-03-26 20:00:00,shampoo,9
1578,2021-03-26 21:00:00,buns,4
1579,2021-03-27 08:00:00,pork,16
1580,2021-03-27 10:00:00,beef,21
1581,2021-03-27 10:00:00,shampoo,1
1582,2021-03-27 10:00:00,tea,20
1583,2021-03-27 11:00:00,shampoo,8
1584,2021-03-27 12:00:00,shaving cream,29
1585,2021-03-27 12:00:00,coffee,10
1586,2021-03-27 12:00:00,dish soap,2
1587,2021-03-27 12:00:00,dish soap,1
1588,2021-03-27 12:00:00,chicken,9
1589,2021-03-27 12:00:00,pork,21
1590,2021-03-27 12:00:00,tilapia,9
1591,2021-03-27 13:00:00,buns,7
1592,2021-03-27 13:00:00,bananas,10
1593,2021-03-27 13:00:00,apples,15
1594,2021-03-27 14:00:00,all purpose,2
1595,2021-03-27 14:00:00,beans,18
1596,2021-03-27 14:00:00,hand soap,20
1597,2021-03-27 14:00:00,paper towels,9
1598,2021-03-27 14:00:00,hand soap,17
1599,2021-03-27 14:00:00,shampoo,1
1600,2021-03-27 15:00:00,cookies,1
1601,2021-03-27 16:00:00,tea,5
1602,2021-03-27 16:00:00,soda,20
1603,2021-03-27 16:00:00,shampoo,9
1604,2021-03-27 17:00:00,hand soap,15
1605,2021-03-27 17:00:00,tea,13
1606,2021-03-27 17:00:00,bananas,22
1607,2021-03-27 18:00:00,hand soap,22
1608,2021-03-27 18:00:00,coffee,1
1609,2021-03-27 18:00:00,oranges,12
1610,2021-03-27 18:00:00,laundry detergent,3
1611,2021-03-27 18:00:00,tilapia,21
1612,2021-03-27 18:00:00,hand soap,10
1613,2021-03-27 18:00:00,hand soap,30
1614,2021-03-27 18:00:00,beans,22
1615,2021-03-27 19:00:00,pork,11
1616,2021-03-27 19:00:00,tea,29
1617,2021-03-27 19:00:00,cookies,8
1618,2021-03-27 19:00:00,coffee,2
1619,2021-03-27 19:00:00,beans,11
1620,2021-03-27 19:00:00,soda,7
1621,2021-03-27 19:00:00,shaving cream,11
1622,2021-03-27 19:00:00,oranges,7
1623,2021-03-27 19:00:00,paper towels,3
1624,2021-03-27 19:00:00,soda,21
1625,2021-03-27 19:00:00,beef,2
1626,2021-03-27 20:00:00,paper towels,11
1627,2021-03-27 20:00:00,shampoo,9
1628,2021-03-27 20:00:00,ketchup,26
1629,2021-03-27 20:00:00,loaves,9
1630,2021-03-27 20:00:00,tea,12
1631,2021-03-27 20:00:00,tea,12
1632,2021-03-27 21:00:00,ketchup,28
1633,2021-03-27 22:00:00,soda,17
1634,2021-03-27 22:00:00,tea,5
1635,2021-03-28 09:00:00,pork,6
1636,2021-03-28 09:00:00,soda,12
1637,2021-03-28 10:00:00,beef,2
1638,2021-03-28 10:00:00,beans,15
1639,2021-03-28 11:00:00,loaves,23
1640,2021-03-28 11:00:00,shampoo,5
1641,2021-03-28 11:00:00,toilet paper,24
1642,2021-03-28 11:00:00,dish soap,1
1643,2021-03-28 11:00:00,soda,14
1644,2021-03-28 11:00:00,toilet paper,22
1645,2021-03-28 12:00:00,chicken,10
1646,2021-03-28 12:00:00,dish soap,2
1647,2021-03-28 12:00:00,paper towels,12
1648,2021-03-28 12:00:00,ketchup,21
1649,2021-03-28 12:00:00,paper towels,16
1650,2021-03-28 12:00:00,all purpose,2
1651,2021-03-28 12:00:00,tilapia,8
1652,2021-03-28 13:00:00,ketchup,8
1653,2021-03-28 13:00:00,cookies,8
1654,2021-03-28 13:00:00,beans,11
1655,2021-03-28 13:00:00,bananas,25
1656,2021-03-28 13:00:00,coffee,2
1657,2021-03-28 13:00:00,bananas,1
1658,2021-03-28 13:00:00,laundry detergent,2
1659,2021-03-28 14:00:00,paper towels,30
1660,2021-03-28 14:00:00,cupcakes,4
1661,2021-03-28 14:00:00,hand soap,23
1662,2021-03-28 14:00:00,dish soap,1
1663,2021-03-28 14:00:00,beans,25
1664,2021-03-28 14:00:00,shaving cream,11
1665,2021-03-28 15:00:00,toilet paper,17
1666,2021-03-28 15:00:00,oranges,22
1667,2021-03-28 15:00:00,pork,18
1668,2021-03-28 16:00:00,tilapia,18
1669,2021-03-28 16:00:00,oranges,30
1670,2021-03-28 16:00:00,soda,25
1671,2021-03-28 16:00:00,bananas,3
1672,2021-03-28 17:00:00,apples,10
1673,2021-03-28 17:00:00,beans,14
1674,2021-03-28 17:00:00,bananas,10
1675,2021-03-28 17:00:00,tea,15
1676,2021-03-28 18:00:00,laundry detergent,3
1677,2021-03-28 18:00:00,beef,24
1678,2021-03-28 18:00:00,shaving cream,19
1679,2021-03-28 18:00:00,laundry detergent,2
1680,2021-03-28 18:00:00,tea,26
1681,2021-03-28 18:00:00,paper towels,24
1682,2021-03-28 18:00:00,bananas,12
1683,2021-03-28 18:00:00,hand soap,13
1684,2021-03-28 19:00:00,coffee,4
1685,2021-03-28 19:00:00,shampoo,9
1686,2021-03-28 19:00:00,toilet paper,29
1687,2021-03-28 19:00:00,coffee,1
1688,2021-03-28 19:00:00,ketchup,6
1689,2021-03-28 20:00:00,tilapia,12
1690,2021-03-28 20:00:00,tea,26
1691,2021-03-28 20:00:00,oranges,12
1692,2021-03-28 21:00:00,bananas,22
1693,2021-03-28 21:00:00,beef,14
1694,2021-03-28 21:00:00,loaves,4
1695,2021-03-28 21:00:00,tea,7
1696,2021-03-28 21:00:00,pork,2
1697,2021-03-28 21:00:00,soda,2
1698,2021-03-28 22:00:00,chicken,8
1699,2021-03-28 23:00:00,ketchup,14
1700,2021-03-29 08:00:00,beans,29
1701,2021-03-29 08:00:00,cookies,30
1702,2021-03-29 09:00:00,tilapia,25
1703,2021-03-29 09:00:00,apples,23
1704,2021-03-29 10:00:00,dish soap,2
1705,2021-03-29 10:00:00,cupcakes,18
1706,2021-03-29 11:00:00,hand soap,22
1707,2021-03-29 11:00:00,buns,17
1708,2021-03-29 11:00:00,toilet paper,22
1709,2021-03-29 11:00:00,beans,1
1710,2021-03-29 11:00:00,coffee,4
1711,2021-03-29 12:00:00,all purpose,4
1712,2021-03-29 12:00:00,buns,4
1713,2021-03-29 12:00:00,hand soap,25
1714,2021-03-29 13:00:00,cookies,2
1715,2021-03-29 13:00:00,ketchup,26
1716,2021-03-29 13:00:00,soda,20
1717,2021-03-29 13:00:00,bananas,24
1718,2021-03-29 13:00:00,ketchup,16
1719,2021-03-29 13:00:00,paper towels,3
1720,2021-03-29 13:00:00,bananas,18
1721,2021-03-29 13:00:00,tilapia,11
1722,2021-03-29 13:00:00,all purpose,4
1723,2021-03-29 13:00:00,laundry detergent,1
1724,2021-03-29 13:00:00,pork,6
1725,2021-03-29 13:00:00,beans,24
1726,2021-03-29 13:00:00,paper towels,17
1727,2021-03-29 14:00:00,apples,22
1728,2021-03-29 14:00:00,paper towels,22
1729,2021-03-29 14:00:00,all purpose,6
1730,2021-03-29 14:00:00,hand soap,24
1731,2021-03-29 14:00:00,tilapia,3
1732,2021-03-29 14:00:00,pork,12
1733,2021-03-29 15:00:00,pork,9
1734,2021-03-29 15:00:00,cookies,20
1735,2021-03-29 16:00:00,toilet paper,25
1736,2021-03-29 16:00:00,oranges,14
1737,2021-03-29 16:00:00,cupcakes,17
1738,2021-03-29 17:00:00,ketchup,9
1739,2021-03-29 17:00:00,beef,4
1740,2021-03-29 17:00:00,loaves,17
1741,2021-03-29 17:00:00,shampoo,4
1742,2021-03-29 17:00:00,tea,2
1743,2021-03-29 17:00:00,shampoo,4
1744,2021-03-29 18:00:00,all purpose,2
1745,2021-03-29 18:00:00,hand soap,26
1746,2021-03-29 18:00:00,cookies,2
1747,2021-03-29 18:00:00,coffee,3
1748,2021-03-29 18:00:00,soda,7
1749,2021-03-29 18:00:00,pork,19
1750,2021-03-29 18:00:00,bananas,18
1751,2021-03-29 18:00:00,dish soap,2
1752,2021-03-29 18:00:00,apples,25
1753,2021-03-29 19:00:00,cupcakes,10
1754,2021-03-29 19:00:00,toilet paper,7
1755,2021-03-29 19:00:00,oranges,10
1756,2021-03-29 19:00:00,laundry detergent,2
1757,2021-03-29 19:00:00,coffee,5
1758,2021-03-29 20:00:00,chicken,11
1759,2021-03-29 20:00:00,tilapia,18
1760,2021-03-29 21:00:00,apples,28
1761,2021-03-29 21:00:00,hand soap,14
1762,2021-03-29 23:00:00,beans,18
1763,2021-03-29 23:00:00,hand soap,7
1764,2021-03-30 08:00:00,all purpose,3
1765,2021-03-30 09:00:00,cupcakes,7
1766,2021-03-30 09:00:00,chicken,26
1767,2021-03-30 09:00:00,toilet paper,1
1768,2021-03-30 11:00:00,loaves,19
1769,2021-03-30 11:00:00,shaving cream,27
1770,2021-03-30 11:00:00,all purpose,5
1771,2021-03-30 12:00:00,cupcakes,3
1772,2021-03-30 12:00:00,tea,10
1773,2021-03-30 12:00:00,chicken,6
1774,2021-03-30 13:00:00,beans,7
1775,2021-03-30 13:00:00,cupcakes,6
1776,2021-03-30 13:00:00,oranges,2
1777,2021-03-30 13:00:00,soda,26
1778,2021-03-30 13:00:00,hand soap,27
1779,2021-03-30 13:00:00,pork,27
1780,2021-03-30 14:00:00,dish soap,1
1781,2021-03-30 14:00:00,hand soap,16
1782,2021-03-30 14:00:00,hand soap,28
1783,2021-03-30 14:00:00,coffee,9
1784,2021-03-30 14:00:00,coffee,4
1785,2021-03-30 14:00:00,hand soap,11
1786,2021-03-30 15:00:00,ketchup,2
1787,2021-03-30 16:00:00,tea,2
1788,2021-03-30 16:00:00,pork,7
1789,2021-03-30 17:00:00,tilapia,29
1790,2021-03-30 17:00:00,bananas,25
1791,2021-03-30 17:00:00,loaves,20
1792,2021-03-30 17:00:00,shaving cream,23
1793,2021-03-30 17:00:00,tea,20
1794,2021-03-30 18:00:00,tilapia,21
1795,2021-03-30 18:00:00,soda,3
1796,2021-03-30 18:00:00,apples,2
1797,2021-03-30 18:00:00,cookies,17
1798,2021-03-30 19:00:00,chicken,13
1799,2021-03-30 19:00:00,toilet paper,7
1800,2021-03-30 19:00:00,tea,7
1801,2021-03-30 19:00:00,cookies,6
1802,2021-03-30 19:00:00,hand soap,20
1803,2021-03-30 19:00:00,buns,4
1804,2021-03-30 19:00:00,beans,7
1805,2021-03-30 19:00:00,tea,10
1806,2021-03-30 19:00:00,pork,20
1807,2021-03-30 19:00:00,beans,3
1808,2021-03-30 20:00:00,bananas,27
1809,2021-03-30 20:00:00,ketchup,10
1810,2021-03-30 20:00:00,buns,22
1811,2021-03-30 20:00:00,cookies,22
1812,2021-03-30 20:00:00,dish soap,1
1813,2021-03-30 20:00:00,cupcakes,3
1814,2021-03-30 21:00:00,bananas,30
1815,2021-03-30 21:00:00,ketchup,19
1816,2021-03-30 21:00:00,ketchup,21
1817,2021-03-30 21:00:00,paper towels,6
1818,2021-03-30 22:00:00,cookies,21
1819,2021-03-30 22:00:00,oranges,28
1820,2021-03-31 08:00:00,loaves,9
1821,2021-03-31 08:00:00,loaves,5
1822,2021-03-31 08:00:00,soda,15
1823,2021-03-31 09:00:00,laundry detergent,5
1824,2021-03-31 09:00:00,apples,24
1825,2021-03-31 09:00:00,hand soap,12
1826,2021-03-31 09:00:00,chicken,22
1827,2021-03-31 11:00:00,chicken,10
1828,2021-03-31 11:00:00,ketchup,29
1829,2021-03-31 11:00:00,shaving cream,20
1830,2021-03-31 11:00:00,cookies,26
1831,2021-03-31 11:00:00,toilet paper,3
1832,2021-03-31 11:00:00,soda,1
1833,2021-03-31 11:00:00,chicken,22
1834,2021-03-31 12:00:00,ketchup,5
1835,2021-03-31 12:00:00,bananas,14
1836,2021-03-31 12:00:00,tea,21
1837,2021-03-31 12:00:00,loaves,5
1838,2021-03-31 12:00:00,all purpose,3
1839,2021-03-31 12:00:00,bananas,28
1840,2021-03-31 12:00:00,bananas,21
1841,2021-03-31 12:00:00,laundry detergent,2
1842,2021-03-31 13:00:00,hand soap,1
1843,2021-03-31 13:00:00,dish soap,1
1844,2021-03-31 13:00:00,coffee,4
1845,2021-03-31 13:00:00,cookies,14
1846,2021-03-31 13:00:00,toilet paper,27
1847,2021-03-31 13:00:00,beans,28
1848,2021-03-31 13:00:00,hand soap,29
1849,2021-03-31 13:00:00,shampoo,7
1850,2021-03-31 13:00:00,coffee,4
1851,2021-03-31 13:00:00,shaving cream,20
1852,2021-03-31 13:00:00,shaving cream,23
1853,2021-03-31 14:00:00,shaving cream,6
1854,2021-03-31 14:00:00,hand soap,6
1855,2021-03-31 14:00:00,shampoo,6
1856,2021-03-31 14:00:00,shaving cream,25
1857,2021-03-31 14:00:00,oranges,23
1858,2021-03-31 14:00:00,shaving cream,3
1859,2021-03-31 15:00:00,tilapia,2
1860,2021-03-31 15:00:00,dish soap,1
1861,2021-03-31 16:00:00,laundry detergent,1
1862,2021-03-31 16:00:00,soda,30
1863,2021-03-31 17:00:00,cupcakes,5
1864,2021-03-31 17:00:00,loaves,27
1865,2021-03-31 17:00:00,paper towels,20
1866,2021-03-31 17:00:00,ketchup,25
1867,2021-03-31 17:00:00,dish soap,2
1868,2021-03-31 18:00:00,apples,20
1869,2021-03-31 18:00:00,apples,13
1870,2021-03-31 18:00:00,toilet paper,25
1871,2021-03-31 18:00:00,laundry detergent,4
1872,2021-03-31 18:00:00,apples,19
1873,2021-03-31 18:00:00,cookies,16
1874,2021-03-31 19:00:00,soda,27
1875,2021-03-31 19:00:00,bananas,23
1876,2021-03-31 19:00:00,all purpose,6
1877,2021-03-31 19:00:00,beans,12
1878,2021-03-31 19:00:00,shaving cream,17
1879,2021-03-31 20:00:00,chicken,3
1880,2021-03-31 20:00:00,bananas,24
1881,2021-03-31 20:00:00,beans,17
1882,2021-03-31 20:00:00,hand soap,23
1883,2021-03-31 20:00:00,shaving cream,17
1884,2021-03-31 20:00:00,chicken,15
1885,2021-03-31 20:00:00,coffee,12
1886,2021-03-31 21:00:00,laundry detergent,3
1887,2021-03-31 21:00:00,beef,18
1888,2021-03-31 22:00:00,shampoo,3
1889,2021-03-31 23:00:00,apples,13
